player_id,average_elixir,win_rate,cards_used,arena_level,trophy_count,deck_type,won
000,4.1,0.41,"['P.E.K.K.A', 'Cannon', 'Arrows', 'Fireball']",14,3419,Cycle,0
001,3.98,0.41,"['Zap', 'Cannon', 'Arrows', 'Mega Minion']",13,3108,Cycle,0
002,4.29,0.61,"['Log', 'Cannon', 'Bandit', 'Baby Dragon']",11,3026,Control,1
003,3.35,0.45,"['Mini P.E.K.K.A', 'Electro Wizard', 'Zap', 'Tesla']",12,3396,Beatdown,1
004,4.01,0.64,"['Golem', 'Bandit', 'Mega Minion', 'Zap']",12,3322,Cycle,1
005,4.57,0.59,"['Arrows', 'Electro Wizard', 'Baby Dragon', 'Cannon']",14,3284,Aggro,0
006,4.43,0.7,"['Arrows', 'Cannon', 'Zap', 'Log']",11,4857,Beatdown,0
007,3.43,0.46,"['P.E.K.K.A', 'Golem', 'Ice Spirit', 'Mini P.E.K.K.A']",9,5495,Control,0
008,2.91,0.51,"['Tesla', 'Ice Spirit', 'Golem', 'Mega Minion']",10,5804,Beatdown,0
009,3.07,0.41,"['Electro Wizard', 'Log', 'P.E.K.K.A', 'Zap']",10,5323,Beatdown,0
010,4.14,0.52,"['Tesla', 'Ice Spirit', 'Bandit', 'Fireball']",11,3571,Control,1
011,4.37,0.53,"['Baby Dragon', 'Log', 'Electro Wizard', 'Cannon']",10,5087,Siege,0
012,4.39,0.66,"['Fireball', 'Ice Spirit', 'Tesla', 'Arrows']",12,5442,Aggro,1
013,3.45,0.7,"['Mega Minion', 'P.E.K.K.A', 'Tesla', 'Hog Rider']",14,5952,Aggro,1
014,4.42,0.5,"['P.E.K.K.A', 'Log', 'Fireball', 'Bandit']",9,5957,Beatdown,0
015,3.77,0.43,"['Ice Spirit', 'P.E.K.K.A', 'Tesla', 'Mega Minion']",13,3814,Control,1
016,4.41,0.56,"['Mini P.E.K.K.A', 'Mega Minion', 'Hog Rider', 'Baby Dragon']",11,5001,Aggro,0
017,4.82,0.66,"['Arrows', 'Mini P.E.K.K.A', 'P.E.K.K.A', 'Cannon']",9,3986,Cycle,0
018,2.71,0.55,"['Zap', 'Mini P.E.K.K.A', 'Mega Minion', 'Fireball']",10,5702,Siege,0
019,3.16,0.66,"['Log', 'Cannon', 'Mega Minion', 'Golem']",14,3823,Beatdown,1
020,4.99,0.59,"['Bandit', 'Mega Minion', 'Tesla', 'Zap']",10,3920,Aggro,1
021,2.55,0.57,"['Baby Dragon', 'Cannon', 'Hog Rider', 'Zap']",14,5584,Aggro,0
022,2.67,0.41,"['Electro Wizard', 'Zap', 'Mega Minion', 'Cannon']",11,5740,Siege,0
023,3.85,0.62,"['Tesla', 'Baby Dragon', 'Arrows', 'Bandit']",10,4937,Siege,0
024,2.74,0.6,"['Electro Wizard', 'Log', 'Arrows', 'Bandit']",15,5986,Aggro,0
025,2.65,0.62,"['Mini P.E.K.K.A', 'Arrows', 'Zap', 'Cannon']",10,3779,Cycle,1
026,2.85,0.46,"['Bandit', 'Cannon', 'Zap', 'Tesla']",15,5254,Aggro,0
027,4.13,0.56,"['Hog Rider', 'Zap', 'Mini P.E.K.K.A', 'Cannon']",10,4664,Siege,1
028,3.03,0.52,"['Hog Rider', 'Fireball', 'Log', 'Tesla']",12,4086,Siege,1
029,3.56,0.69,"['Mini P.E.K.K.A', 'Mega Minion', 'Ice Spirit', 'Golem']",12,3634,Control,1
030,3.04,0.42,"['Golem', 'Mega Minion', 'Hog Rider', 'Tesla']",11,3234,Aggro,1
031,3.76,0.66,"['Fireball', 'Hog Rider', 'Mega Minion', 'Zap']",15,3761,Aggro,0
032,4.19,0.47,"['Zap', 'Baby Dragon', 'Cannon', 'Arrows']",13,3162,Cycle,0
033,3.55,0.58,"['Mega Minion', 'Electro Wizard', 'P.E.K.K.A', 'Cannon']",14,5933,Beatdown,0
034,3.16,0.44,"['Ice Spirit', 'P.E.K.K.A', 'Bandit', 'Electro Wizard']",15,3297,Aggro,1
035,4.05,0.57,"['Zap', 'Tesla', 'Mega Minion', 'Cannon']",13,4086,Control,1
036,4.7,0.66,"['Electro Wizard', 'P.E.K.K.A', 'Fireball', 'Bandit']",15,5225,Beatdown,0
037,4.17,0.57,"['Tesla', 'Ice Spirit', 'Zap', 'Fireball']",11,3472,Aggro,0
038,3.18,0.58,"['Golem', 'Electro Wizard', 'Cannon', 'Ice Spirit']",14,4081,Cycle,1
039,3.13,0.67,"['Hog Rider', 'Zap', 'Ice Spirit', 'Log']",15,4133,Aggro,0
040,3.33,0.44,"['P.E.K.K.A', 'Fireball', 'Golem', 'Bandit']",13,5890,Siege,0
041,2.78,0.68,"['Golem', 'Fireball', 'Mega Minion', 'Hog Rider']",15,4512,Cycle,0
042,3.57,0.41,"['Electro Wizard', 'Mini P.E.K.K.A', 'Hog Rider', 'Tesla']",10,5793,Control,0
043,3.38,0.57,"['Arrows', 'Log', 'Baby Dragon', 'Golem']",10,3969,Control,0
044,4.7,0.41,"['Golem', 'Electro Wizard', 'Mini P.E.K.K.A', 'Log']",15,5743,Control,1
045,2.9,0.61,"['Log', 'Arrows', 'Hog Rider', 'Bandit']",10,3817,Siege,1
046,3.26,0.64,"['Cannon', 'Tesla', 'Hog Rider', 'Ice Spirit']",10,4632,Beatdown,1
047,4.66,0.69,"['P.E.K.K.A', 'Electro Wizard', 'Ice Spirit', 'Mega Minion']",12,5783,Cycle,1
048,4.85,0.43,"['P.E.K.K.A', 'Fireball', 'Baby Dragon', 'Tesla']",9,3444,Cycle,1
049,3.36,0.64,"['Log', 'Baby Dragon', 'Mega Minion', 'Zap']",12,5361,Control,1
050,2.61,0.53,"['Mega Minion', 'Mini P.E.K.K.A', 'Tesla', 'Ice Spirit']",14,5746,Control,1
051,3.58,0.68,"['Tesla', 'Electro Wizard', 'Baby Dragon', 'Arrows']",14,3510,Beatdown,1
052,4.17,0.5,"['Golem', 'P.E.K.K.A', 'Mega Minion', 'Fireball']",10,4722,Siege,0
053,4.04,0.49,"['Mega Minion', 'Arrows', 'Hog Rider', 'P.E.K.K.A']",11,3860,Siege,1
054,3.66,0.53,"['Cannon', 'Mega Minion', 'Bandit', 'Golem']",10,5698,Aggro,1
055,3.79,0.59,"['Electro Wizard', 'Zap', 'Mini P.E.K.K.A', 'Cannon']",14,4271,Control,0
056,2.87,0.41,"['Bandit', 'Baby Dragon', 'Mini P.E.K.K.A', 'Zap']",12,4697,Cycle,0
057,4.3,0.52,"['Log', 'Cannon', 'Fireball', 'Ice Spirit']",14,3022,Aggro,1
058,3.05,0.64,"['Golem', 'Mega Minion', 'Bandit', 'Hog Rider']",13,4020,Aggro,1
059,2.83,0.54,"['Mega Minion', 'Tesla', 'Baby Dragon', 'Electro Wizard']",15,4812,Cycle,1
060,4.58,0.56,"['Tesla', 'Fireball', 'Golem', 'Bandit']",12,4061,Control,1
061,4.41,0.56,"['Ice Spirit', 'Cannon', 'P.E.K.K.A', 'Bandit']",9,5922,Beatdown,0
062,3.18,0.5,"['Mega Minion', 'Zap', 'Fireball', 'Mini P.E.K.K.A']",10,4568,Control,0
063,2.66,0.52,"['Mega Minion', 'Bandit', 'Log', 'Hog Rider']",10,4720,Siege,0
064,4.64,0.63,"['Log', 'Bandit', 'Hog Rider', 'Electro Wizard']",11,4597,Siege,0
065,3.72,0.48,"['Bandit', 'Hog Rider', 'Log', 'Electro Wizard']",14,5781,Siege,0
066,4.6,0.68,"['Baby Dragon', 'Mega Minion', 'Hog Rider', 'Log']",13,5311,Aggro,0
067,4.11,0.44,"['Bandit', 'Fireball', 'Hog Rider', 'P.E.K.K.A']",12,4340,Control,1
068,3.32,0.63,"['Log', 'P.E.K.K.A', 'Mini P.E.K.K.A', 'Tesla']",11,3335,Siege,0
069,4.37,0.42,"['Electro Wizard', 'Cannon', 'Ice Spirit', 'Zap']",15,5669,Aggro,0
070,4.87,0.46,"['Hog Rider', 'Baby Dragon', 'Fireball', 'Cannon']",10,4939,Aggro,0
071,3.66,0.48,"['Electro Wizard', 'Fireball', 'Baby Dragon', 'Mini P.E.K.K.A']",14,5942,Aggro,0
072,4.91,0.43,"['Hog Rider', 'P.E.K.K.A', 'Baby Dragon', 'Ice Spirit']",12,4624,Control,0
073,3.98,0.65,"['Cannon', 'Zap', 'Golem', 'P.E.K.K.A']",15,5802,Cycle,0
074,4.49,0.57,"['Hog Rider', 'Electro Wizard', 'Mega Minion', 'Log']",14,4517,Aggro,1
075,2.53,0.53,"['Bandit', 'Zap', 'Log', 'Electro Wizard']",14,4883,Control,1
076,2.94,0.56,"['Ice Spirit', 'P.E.K.K.A', 'Baby Dragon', 'Mega Minion']",15,4980,Siege,1
077,4.56,0.58,"['Electro Wizard', 'Arrows', 'Cannon', 'Zap']",11,4846,Control,1
078,3.92,0.6,"['Electro Wizard', 'Hog Rider', 'Bandit', 'Tesla']",10,4997,Control,1
079,4.49,0.5,"['Tesla', 'Baby Dragon', 'Golem', 'P.E.K.K.A']",13,3041,Cycle,0
080,2.71,0.62,"['Bandit', 'Mega Minion', 'Mini P.E.K.K.A', 'Cannon']",14,4950,Siege,1
081,4.48,0.43,"['Cannon', 'Log', 'Golem', 'Tesla']",11,5719,Cycle,1
082,3.68,0.56,"['Log', 'Golem', 'Mega Minion', 'Electro Wizard']",11,5878,Siege,1
083,3.27,0.47,"['Golem', 'Cannon', 'Electro Wizard', 'Zap']",14,5194,Control,0
084,3.04,0.55,"['Golem', 'Baby Dragon', 'Mini P.E.K.K.A', 'Mega Minion']",13,4159,Aggro,0
085,3.24,0.51,"['P.E.K.K.A', 'Hog Rider', 'Golem', 'Mega Minion']",10,4123,Aggro,0
086,3.88,0.61,"['Fireball', 'Ice Spirit', 'Mini P.E.K.K.A', 'Bandit']",9,3050,Cycle,1
087,3.67,0.53,"['Fireball', 'Hog Rider', 'P.E.K.K.A', 'Bandit']",9,3267,Siege,1
088,2.69,0.59,"['Hog Rider', 'Fireball', 'Arrows', 'Baby Dragon']",11,3348,Control,0
089,3.9,0.52,"['Baby Dragon', 'Mini P.E.K.K.A', 'Tesla', 'Cannon']",15,5140,Siege,1
090,4.77,0.49,"['Baby Dragon', 'Log', 'P.E.K.K.A', 'Tesla']",13,3246,Cycle,0
091,4.87,0.46,"['Cannon', 'P.E.K.K.A', 'Ice Spirit', 'Zap']",10,3982,Control,0
092,2.89,0.52,"['Golem', 'Baby Dragon', 'Bandit', 'P.E.K.K.A']",9,3948,Beatdown,1
093,4.26,0.54,"['Ice Spirit', 'Cannon', 'P.E.K.K.A', 'Tesla']",13,5708,Control,1
094,2.79,0.47,"['Fireball', 'P.E.K.K.A', 'Tesla', 'Zap']",9,3679,Beatdown,1
095,3.6,0.54,"['P.E.K.K.A', 'Golem', 'Log', 'Tesla']",13,5211,Siege,1
096,2.7,0.41,"['Log', 'Golem', 'Electro Wizard', 'Baby Dragon']",11,3105,Aggro,0
097,4.9,0.65,"['Baby Dragon', 'Tesla', 'Hog Rider', 'Ice Spirit']",15,4103,Cycle,0
098,4.41,0.45,"['Mega Minion', 'Ice Spirit', 'Bandit', 'P.E.K.K.A']",10,5397,Siege,1
099,4.92,0.54,"['Log', 'Electro Wizard', 'Arrows', 'Ice Spirit']",9,3658,Beatdown,1
100,4.23,0.49,"['Log', 'Arrows', 'Mini P.E.K.K.A', 'Mega Minion']",9,4862,Aggro,1
101,3.13,0.43,"['Mini P.E.K.K.A', 'Log', 'Mega Minion', 'Hog Rider']",14,5222,Siege,1
102,2.64,0.56,"['Baby Dragon', 'Mini P.E.K.K.A', 'Bandit', 'Ice Spirit']",12,3211,Control,1
103,3.87,0.68,"['Bandit', 'Golem', 'Tesla', 'Zap']",9,5580,Cycle,0
104,4.27,0.49,"['Hog Rider', 'Mega Minion', 'Log', 'Zap']",10,3464,Siege,0
105,4.12,0.45,"['Tesla', 'Golem', 'P.E.K.K.A', 'Mega Minion']",14,4119,Siege,1
106,4.95,0.47,"['Mega Minion', 'Fireball', 'Log', 'Cannon']",13,5081,Control,0
107,3.19,0.64,"['Log', 'Electro Wizard', 'Mini P.E.K.K.A', 'Mega Minion']",11,3010,Beatdown,1
108,4.59,0.57,"['Ice Spirit', 'Bandit', 'Fireball', 'Arrows']",13,4983,Beatdown,1
109,3.88,0.56,"['Bandit', 'Electro Wizard', 'Cannon', 'Golem']",10,5342,Siege,0
110,4.64,0.52,"['Electro Wizard', 'Golem', 'Bandit', 'Arrows']",15,4561,Siege,0
111,3.74,0.41,"['Mega Minion', 'Baby Dragon', 'Electro Wizard', 'Zap']",15,4803,Aggro,1
112,2.54,0.44,"['Arrows', 'Ice Spirit', 'Fireball', 'Zap']",12,4085,Beatdown,1
113,4.12,0.66,"['Arrows', 'Ice Spirit', 'Mega Minion', 'Log']",11,5567,Siege,0
114,4.04,0.47,"['Ice Spirit', 'P.E.K.K.A', 'Cannon', 'Golem']",9,4777,Aggro,0
115,3.61,0.61,"['Tesla', 'Hog Rider', 'Arrows', 'Electro Wizard']",15,3229,Beatdown,1
116,3.44,0.44,"['Mega Minion', 'Log', 'Baby Dragon', 'Ice Spirit']",15,3737,Control,0
117,2.7,0.66,"['Baby Dragon', 'Ice Spirit', 'Cannon', 'Bandit']",13,3586,Control,1
118,4.09,0.54,"['Ice Spirit', 'Hog Rider', 'Mini P.E.K.K.A', 'Bandit']",11,5775,Cycle,0
119,2.68,0.68,"['Baby Dragon', 'P.E.K.K.A', 'Ice Spirit', 'Log']",14,4024,Siege,1
120,3.0,0.52,"['Bandit', 'Zap', 'Cannon', 'Log']",13,4470,Cycle,1
121,4.98,0.49,"['Arrows', 'Ice Spirit', 'Log', 'P.E.K.K.A']",9,5318,Aggro,1
122,4.58,0.67,"['Mini P.E.K.K.A', 'Tesla', 'Cannon', 'Baby Dragon']",15,4443,Control,0
123,4.05,0.6,"['Golem', 'Mini P.E.K.K.A', 'Ice Spirit', 'Arrows']",15,3560,Aggro,0
124,3.27,0.53,"['Baby Dragon', 'Electro Wizard', 'Golem', 'Fireball']",9,4208,Beatdown,1
125,2.94,0.44,"['Mega Minion', 'Electro Wizard', 'Tesla', 'Mini P.E.K.K.A']",11,3673,Beatdown,1
126,4.92,0.49,"['Arrows', 'Electro Wizard', 'Mini P.E.K.K.A', 'Zap']",12,3308,Control,0
127,4.65,0.62,"['Log', 'Arrows', 'Mini P.E.K.K.A', 'Mega Minion']",11,3369,Siege,0
128,3.16,0.44,"['Electro Wizard', 'Ice Spirit', 'Golem', 'Arrows']",11,5394,Siege,1
129,2.77,0.47,"['Hog Rider', 'Baby Dragon', 'Mega Minion', 'Electro Wizard']",13,3906,Aggro,1
130,4.77,0.49,"['Log', 'Zap', 'Fireball', 'Hog Rider']",9,4246,Siege,0
131,2.74,0.67,"['Fireball', 'Log', 'Bandit', 'Electro Wizard']",14,5852,Cycle,1
132,3.97,0.62,"['Tesla', 'Log', 'Ice Spirit', 'Zap']",15,5004,Cycle,1
133,4.85,0.48,"['Golem', 'Electro Wizard', 'Cannon', 'Bandit']",12,3967,Beatdown,0
134,4.95,0.51,"['Tesla', 'Ice Spirit', 'Electro Wizard', 'Hog Rider']",12,4130,Control,0
135,4.87,0.65,"['Zap', 'Ice Spirit', 'Cannon', 'Arrows']",14,5445,Aggro,0
136,4.47,0.47,"['Fireball', 'Mini P.E.K.K.A', 'Baby Dragon', 'Cannon']",9,5270,Control,0
137,4.53,0.47,"['Mini P.E.K.K.A', 'Fireball', 'Tesla', 'Baby Dragon']",9,4135,Control,0
138,3.85,0.64,"['Zap', 'Ice Spirit', 'Hog Rider', 'Fireball']",9,4467,Control,1
139,2.54,0.48,"['Fireball', 'Golem', 'Log', 'Mega Minion']",9,3260,Siege,1
140,4.45,0.55,"['Zap', 'Bandit', 'Mega Minion', 'Cannon']",13,3177,Cycle,1
141,3.65,0.69,"['Hog Rider', 'Bandit', 'Log', 'Mini P.E.K.K.A']",14,3442,Siege,1
142,2.68,0.42,"['Baby Dragon', 'Fireball', 'Zap', 'Arrows']",11,5557,Cycle,1
143,3.45,0.58,"['P.E.K.K.A', 'Bandit', 'Mega Minion', 'Baby Dragon']",12,3406,Aggro,0
144,3.58,0.67,"['Log', 'Electro Wizard', 'Bandit', 'Tesla']",12,5988,Aggro,1
145,3.57,0.6,"['Electro Wizard', 'Fireball', 'Ice Spirit', 'Bandit']",9,3373,Aggro,0
146,3.58,0.62,"['Electro Wizard', 'Mini P.E.K.K.A', 'Fireball', 'Mega Minion']",9,5402,Cycle,1
147,4.18,0.52,"['Arrows', 'Ice Spirit', 'Mini P.E.K.K.A', 'Log']",15,5953,Aggro,1
148,4.0,0.51,"['Baby Dragon', 'Mega Minion', 'Cannon', 'Fireball']",14,4975,Control,0
149,3.38,0.57,"['Zap', 'Mini P.E.K.K.A', 'P.E.K.K.A', 'Baby Dragon']",10,4757,Cycle,0
150,4.02,0.6,"['Golem', 'P.E.K.K.A', 'Hog Rider', 'Fireball']",11,5878,Beatdown,1
151,3.38,0.45,"['Fireball', 'Baby Dragon', 'Ice Spirit', 'Log']",9,3581,Aggro,0
152,4.37,0.46,"['Log', 'Bandit', 'Electro Wizard', 'Fireball']",11,4276,Beatdown,0
153,4.71,0.45,"['Mini P.E.K.K.A', 'Baby Dragon', 'Hog Rider', 'Ice Spirit']",9,4114,Siege,1
154,3.71,0.53,"['P.E.K.K.A', 'Cannon', 'Mini P.E.K.K.A', 'Mega Minion']",9,4413,Siege,0
155,3.21,0.6,"['Bandit', 'Mega Minion', 'Ice Spirit', 'P.E.K.K.A']",9,3903,Siege,0
156,2.52,0.49,"['Cannon', 'Mini P.E.K.K.A', 'Fireball', 'P.E.K.K.A']",11,4343,Aggro,0
157,3.74,0.53,"['Fireball', 'Log', 'Mega Minion', 'Golem']",10,5049,Cycle,1
158,2.68,0.66,"['Hog Rider', 'Log', 'Tesla', 'Bandit']",9,4282,Cycle,1
159,3.93,0.61,"['Log', 'P.E.K.K.A', 'Zap', 'Tesla']",9,4330,Control,1
160,4.58,0.68,"['Zap', 'Log', 'Tesla', 'Cannon']",12,5412,Siege,0
161,3.49,0.49,"['Electro Wizard', 'Cannon', 'Tesla', 'Fireball']",9,5090,Aggro,0
162,4.76,0.5,"['Golem', 'Arrows', 'Ice Spirit', 'Fireball']",10,3421,Control,1
163,2.99,0.58,"['Mini P.E.K.K.A', 'Tesla', 'Ice Spirit', 'Zap']",10,5572,Siege,1
164,4.39,0.63,"['Bandit', 'Ice Spirit', 'Baby Dragon', 'Arrows']",14,5558,Beatdown,1
165,2.88,0.42,"['Bandit', 'Ice Spirit', 'P.E.K.K.A', 'Mini P.E.K.K.A']",13,3230,Beatdown,0
166,3.28,0.54,"['Hog Rider', 'Electro Wizard', 'P.E.K.K.A', 'Zap']",14,3369,Cycle,1
167,3.66,0.57,"['Mini P.E.K.K.A', 'Golem', 'Hog Rider', 'Bandit']",15,5341,Control,1
168,4.01,0.55,"['Hog Rider', 'Bandit', 'Zap', 'Electro Wizard']",14,3345,Cycle,0
169,2.6,0.61,"['Bandit', 'Mega Minion', 'Arrows', 'Baby Dragon']",10,4490,Beatdown,1
170,3.47,0.63,"['Ice Spirit', 'Baby Dragon', 'Hog Rider', 'Tesla']",14,4370,Aggro,1
171,2.74,0.6,"['P.E.K.K.A', 'Tesla', 'Golem', 'Ice Spirit']",13,3615,Beatdown,0
172,3.96,0.44,"['Electro Wizard', 'P.E.K.K.A', 'Ice Spirit', 'Golem']",14,4605,Control,0
173,3.27,0.51,"['Mini P.E.K.K.A', 'Electro Wizard', 'Fireball', 'Ice Spirit']",14,5807,Cycle,0
174,4.12,0.53,"['Electro Wizard', 'Hog Rider', 'Tesla', 'P.E.K.K.A']",10,3877,Beatdown,1
175,2.98,0.7,"['Fireball', 'Zap', 'P.E.K.K.A', 'Arrows']",13,5210,Cycle,0
176,4.15,0.66,"['Baby Dragon', 'Fireball', 'Tesla', 'Log']",10,3664,Control,0
177,4.3,0.41,"['Electro Wizard', 'Ice Spirit', 'Golem', 'Cannon']",12,5500,Beatdown,1
178,3.09,0.47,"['Mini P.E.K.K.A', 'Tesla', 'Bandit', 'Cannon']",11,5778,Cycle,1
179,3.65,0.48,"['Log', 'Mega Minion', 'Arrows', 'Tesla']",10,3817,Cycle,0
180,4.68,0.42,"['Bandit', 'Arrows', 'Electro Wizard', 'Mega Minion']",9,5913,Cycle,0
181,3.21,0.63,"['P.E.K.K.A', 'Bandit', 'Mega Minion', 'Fireball']",15,4791,Aggro,0
182,4.54,0.67,"['Tesla', 'Hog Rider', 'Log', 'Arrows']",12,5056,Beatdown,0
183,3.47,0.42,"['Cannon', 'Hog Rider', 'Electro Wizard', 'Zap']",15,5927,Beatdown,0
184,2.84,0.49,"['Arrows', 'Bandit', 'Golem', 'Fireball']",15,5889,Siege,1
185,4.04,0.67,"['Hog Rider', 'P.E.K.K.A', 'Cannon', 'Fireball']",13,5978,Cycle,1
186,2.78,0.49,"['P.E.K.K.A', 'Zap', 'Hog Rider', 'Cannon']",12,5617,Cycle,1
187,2.66,0.65,"['Bandit', 'Baby Dragon', 'Mega Minion', 'Hog Rider']",14,5110,Cycle,0
188,4.3,0.49,"['Hog Rider', 'Baby Dragon', 'Electro Wizard', 'Cannon']",13,4706,Control,0
189,3.81,0.51,"['Mega Minion', 'Tesla', 'Arrows', 'Mini P.E.K.K.A']",13,3083,Siege,1
190,2.61,0.52,"['Electro Wizard', 'P.E.K.K.A', 'Golem', 'Hog Rider']",11,3276,Beatdown,0
191,4.33,0.59,"['Mini P.E.K.K.A', 'Baby Dragon', 'Golem', 'Electro Wizard']",10,3181,Beatdown,1
192,4.53,0.45,"['Mini P.E.K.K.A', 'Ice Spirit', 'Bandit', 'Golem']",12,5587,Control,0
193,2.66,0.63,"['Bandit', 'Hog Rider', 'P.E.K.K.A', 'Cannon']",9,3817,Aggro,1
194,4.83,0.55,"['Arrows', 'Mega Minion', 'Bandit', 'P.E.K.K.A']",9,5649,Control,1
195,3.39,0.63,"['Arrows', 'Ice Spirit', 'Electro Wizard', 'P.E.K.K.A']",9,4507,Siege,1
196,4.36,0.67,"['Log', 'Electro Wizard', 'Fireball', 'Bandit']",14,5037,Beatdown,1
197,4.5,0.62,"['Zap', 'Log', 'Baby Dragon', 'Fireball']",13,4203,Beatdown,0
198,2.7,0.6,"['P.E.K.K.A', 'Bandit', 'Baby Dragon', 'Golem']",12,3682,Siege,1
199,3.62,0.62,"['Tesla', 'Electro Wizard', 'Baby Dragon', 'Log']",11,5619,Aggro,0
200,4.18,0.52,"['Mega Minion', 'Mini P.E.K.K.A', 'Golem', 'Ice Spirit']",10,3127,Control,1
201,2.59,0.42,"['Mini P.E.K.K.A', 'Ice Spirit', 'Electro Wizard', 'Tesla']",12,5323,Aggro,0
202,4.2,0.68,"['Electro Wizard', 'Bandit', 'Mini P.E.K.K.A', 'Zap']",13,3563,Cycle,1
203,3.5,0.59,"['Cannon', 'Zap', 'Hog Rider', 'Golem']",10,5044,Cycle,1
204,4.78,0.44,"['Mini P.E.K.K.A', 'P.E.K.K.A', 'Golem', 'Bandit']",10,5506,Beatdown,1
205,3.0,0.44,"['Zap', 'Bandit', 'Fireball', 'Golem']",12,3359,Beatdown,1
206,4.27,0.56,"['P.E.K.K.A', 'Tesla', 'Fireball', 'Golem']",14,5868,Control,1
207,3.77,0.44,"['Cannon', 'Mini P.E.K.K.A', 'Fireball', 'Tesla']",15,5023,Aggro,1
208,3.89,0.51,"['Mini P.E.K.K.A', 'Mega Minion', 'Fireball', 'Baby Dragon']",9,3269,Beatdown,1
209,5.0,0.62,"['Mega Minion', 'Log', 'Mini P.E.K.K.A', 'Arrows']",15,5354,Aggro,0
210,4.93,0.59,"['Bandit', 'Tesla', 'Ice Spirit', 'Mega Minion']",11,3525,Cycle,0
211,4.42,0.44,"['Mega Minion', 'Arrows', 'Hog Rider', 'Zap']",13,3626,Beatdown,0
212,2.9,0.68,"['Cannon', 'Electro Wizard', 'Mega Minion', 'P.E.K.K.A']",15,3323,Beatdown,0
213,4.09,0.57,"['Fireball', 'Ice Spirit', 'P.E.K.K.A', 'Baby Dragon']",13,3382,Cycle,0
214,3.98,0.57,"['Fireball', 'Ice Spirit', 'Baby Dragon', 'Golem']",13,4382,Cycle,0
215,4.56,0.41,"['Hog Rider', 'Ice Spirit', 'Mini P.E.K.K.A', 'Baby Dragon']",11,5667,Control,1
216,4.05,0.41,"['Tesla', 'Ice Spirit', 'Mega Minion', 'P.E.K.K.A']",14,4237,Siege,0
217,4.51,0.61,"['P.E.K.K.A', 'Bandit', 'Zap', 'Golem']",9,3647,Siege,1
218,3.71,0.46,"['Baby Dragon', 'Fireball', 'Electro Wizard', 'Golem']",11,4414,Siege,0
219,4.4,0.55,"['Zap', 'Electro Wizard', 'Cannon', 'Bandit']",9,4095,Siege,0
220,2.85,0.42,"['Log', 'Arrows', 'Baby Dragon', 'Tesla']",10,3654,Beatdown,1
221,2.97,0.45,"['Mega Minion', 'Bandit', 'Arrows', 'P.E.K.K.A']",12,3094,Aggro,1
222,3.76,0.69,"['Cannon', 'Baby Dragon', 'Electro Wizard', 'Hog Rider']",9,4152,Siege,1
223,3.21,0.4,"['Zap', 'Log', 'Fireball', 'P.E.K.K.A']",14,4498,Siege,1
224,2.61,0.42,"['Mega Minion', 'Cannon', 'Electro Wizard', 'Tesla']",11,3301,Siege,1
225,4.41,0.48,"['Baby Dragon', 'Ice Spirit', 'Tesla', 'Zap']",10,3396,Siege,1
226,4.49,0.5,"['Electro Wizard', 'Mini P.E.K.K.A', 'Fireball', 'Cannon']",13,5085,Siege,0
227,2.61,0.44,"['Electro Wizard', 'Mini P.E.K.K.A', 'Bandit', 'Mega Minion']",12,3610,Cycle,0
228,3.32,0.58,"['Fireball', 'Log', 'Baby Dragon', 'Golem']",15,4225,Cycle,1
229,3.77,0.55,"['Bandit', 'Golem', 'Baby Dragon', 'P.E.K.K.A']",12,3068,Beatdown,1
230,4.18,0.69,"['Baby Dragon', 'P.E.K.K.A', 'Mini P.E.K.K.A', 'Golem']",15,5818,Aggro,1
231,3.16,0.6,"['Mini P.E.K.K.A', 'Baby Dragon', 'Arrows', 'Cannon']",14,3210,Cycle,1
232,2.93,0.59,"['Baby Dragon', 'Mini P.E.K.K.A', 'Log', 'Fireball']",15,5788,Control,0
233,3.93,0.61,"['Cannon', 'Hog Rider', 'Bandit', 'Electro Wizard']",12,3620,Siege,0
234,3.53,0.63,"['Tesla', 'Bandit', 'Golem', 'Mini P.E.K.K.A']",9,5890,Control,0
235,3.9,0.7,"['Bandit', 'Mega Minion', 'Log', 'Electro Wizard']",10,4882,Cycle,1
236,3.87,0.6,"['Arrows', 'Golem', 'Ice Spirit', 'Mini P.E.K.K.A']",15,5839,Beatdown,1
237,2.98,0.47,"['Mega Minion', 'P.E.K.K.A', 'Cannon', 'Arrows']",15,4183,Control,1
238,3.29,0.5,"['Tesla', 'Mini P.E.K.K.A', 'Golem', 'P.E.K.K.A']",11,3499,Cycle,1
239,4.74,0.52,"['Electro Wizard', 'Mini P.E.K.K.A', 'Arrows', 'Fireball']",11,3172,Beatdown,0
240,3.37,0.53,"['P.E.K.K.A', 'Golem', 'Bandit', 'Cannon']",10,5206,Beatdown,1
241,2.84,0.58,"['Baby Dragon', 'Cannon', 'Arrows', 'Hog Rider']",14,5175,Control,0
242,2.63,0.52,"['Golem', 'Bandit', 'Zap', 'Ice Spirit']",15,3563,Aggro,0
243,3.52,0.68,"['Tesla', 'Bandit', 'Arrows', 'Ice Spirit']",10,4176,Beatdown,1
244,4.11,0.67,"['Zap', 'Ice Spirit', 'Baby Dragon', 'Cannon']",13,5961,Aggro,0
245,3.54,0.65,"['Tesla', 'Hog Rider', 'Log', 'Bandit']",10,4185,Aggro,0
246,3.25,0.58,"['Tesla', 'Electro Wizard', 'P.E.K.K.A', 'Bandit']",14,5225,Cycle,1
247,4.72,0.44,"['Mega Minion', 'Bandit', 'P.E.K.K.A', 'Cannon']",15,3461,Beatdown,0
248,4.33,0.59,"['Golem', 'Fireball', 'Hog Rider', 'Tesla']",11,4208,Cycle,0
249,2.94,0.66,"['Tesla', 'Log', 'Arrows', 'Mega Minion']",11,3355,Siege,0
250,2.96,0.44,"['Electro Wizard', 'Cannon', 'Hog Rider', 'P.E.K.K.A']",12,3964,Siege,1
251,4.89,0.49,"['Golem', 'Baby Dragon', 'Hog Rider', 'P.E.K.K.A']",14,4472,Control,0
252,4.17,0.54,"['Fireball', 'Log', 'Ice Spirit', 'Mega Minion']",14,4273,Aggro,1
253,3.42,0.47,"['Fireball', 'Bandit', 'Tesla', 'Arrows']",14,5481,Beatdown,1
254,4.25,0.67,"['Mini P.E.K.K.A', 'Mega Minion', 'Tesla', 'Ice Spirit']",15,3894,Control,0
255,3.81,0.56,"['Electro Wizard', 'Zap', 'Baby Dragon', 'Arrows']",9,5243,Cycle,0
256,3.93,0.44,"['Electro Wizard', 'Arrows', 'Mega Minion', 'Bandit']",9,5786,Control,1
257,2.73,0.55,"['Mini P.E.K.K.A', 'Hog Rider', 'Bandit', 'Fireball']",13,4701,Siege,0
258,3.9,0.6,"['P.E.K.K.A', 'Golem', 'Hog Rider', 'Log']",11,3012,Control,0
259,2.61,0.5,"['Zap', 'Mega Minion', 'Hog Rider', 'Tesla']",12,3129,Beatdown,1
260,2.95,0.44,"['Ice Spirit', 'Golem', 'Tesla', 'Log']",11,4566,Siege,1
261,3.44,0.6,"['Ice Spirit', 'Arrows', 'Mega Minion', 'Fireball']",14,4424,Aggro,0
262,4.98,0.52,"['Fireball', 'Golem', 'Cannon', 'Hog Rider']",15,3093,Beatdown,1
263,4.18,0.56,"['Mega Minion', 'Log', 'Cannon', 'Mini P.E.K.K.A']",12,4417,Control,1
264,2.97,0.66,"['Mini P.E.K.K.A', 'Zap', 'Hog Rider', 'Ice Spirit']",12,5518,Aggro,0
265,3.02,0.43,"['Hog Rider', 'Bandit', 'Baby Dragon', 'Ice Spirit']",14,3199,Control,0
266,3.51,0.47,"['Cannon', 'Mini P.E.K.K.A', 'Arrows', 'Hog Rider']",10,5063,Beatdown,0
267,4.54,0.62,"['Electro Wizard', 'Baby Dragon', 'Arrows', 'Ice Spirit']",15,4313,Control,1
268,4.69,0.7,"['Mega Minion', 'Cannon', 'Log', 'P.E.K.K.A']",11,3249,Cycle,0
269,4.06,0.53,"['Bandit', 'Hog Rider', 'Electro Wizard', 'Ice Spirit']",14,4561,Cycle,1
270,4.24,0.52,"['P.E.K.K.A', 'Log', 'Fireball', 'Mega Minion']",12,3987,Control,1
271,4.64,0.44,"['Bandit', 'Hog Rider', 'Mega Minion', 'Log']",12,5282,Cycle,0
272,3.47,0.48,"['Electro Wizard', 'Ice Spirit', 'Zap', 'Bandit']",15,4519,Aggro,0
273,2.63,0.51,"['Baby Dragon', 'Tesla', 'Hog Rider', 'Zap']",10,5406,Cycle,0
274,3.7,0.66,"['Electro Wizard', 'P.E.K.K.A', 'Hog Rider', 'Cannon']",10,3480,Siege,0
275,4.24,0.61,"['Log', 'Cannon', 'Mega Minion', 'Electro Wizard']",15,4159,Siege,1
276,3.83,0.51,"['P.E.K.K.A', 'Electro Wizard', 'Mega Minion', 'Bandit']",12,3403,Siege,1
277,4.79,0.51,"['Log', 'Hog Rider', 'Baby Dragon', 'Cannon']",14,3597,Aggro,1
278,3.88,0.58,"['Golem', 'Log', 'P.E.K.K.A', 'Fireball']",10,4351,Control,1
279,3.92,0.47,"['Mega Minion', 'Ice Spirit', 'Arrows', 'Electro Wizard']",11,5001,Siege,1
280,2.92,0.64,"['Fireball', 'Tesla', 'Golem', 'Mega Minion']",12,3753,Cycle,0
281,3.81,0.65,"['Zap', 'Arrows', 'Ice Spirit', 'Hog Rider']",15,3026,Siege,0
282,4.61,0.47,"['Golem', 'Fireball', 'Hog Rider', 'Cannon']",13,4867,Beatdown,0
283,4.04,0.6,"['Baby Dragon', 'Bandit', 'Ice Spirit', 'Arrows']",9,3027,Cycle,1
284,2.53,0.56,"['P.E.K.K.A', 'Mega Minion', 'Tesla', 'Hog Rider']",13,5858,Siege,0
285,2.77,0.43,"['Fireball', 'Cannon', 'Arrows', 'Baby Dragon']",13,4033,Beatdown,1
286,4.49,0.42,"['Log', 'Bandit', 'Baby Dragon', 'Cannon']",14,3925,Beatdown,0
287,4.13,0.66,"['Mini P.E.K.K.A', 'Hog Rider', 'Zap', 'Log']",12,4544,Cycle,1
288,2.64,0.4,"['Fireball', 'Zap', 'Bandit', 'Log']",14,4356,Cycle,0
289,4.74,0.68,"['Cannon', 'Tesla', 'Golem', 'Baby Dragon']",12,4110,Aggro,0
290,4.21,0.48,"['Mega Minion', 'Baby Dragon', 'Ice Spirit', 'Hog Rider']",10,4288,Aggro,0
291,3.97,0.63,"['Golem', 'Arrows', 'Log', 'Zap']",11,3665,Cycle,0
292,3.92,0.65,"['Ice Spirit', 'Mega Minion', 'Electro Wizard', 'Log']",15,3573,Aggro,1
293,2.63,0.53,"['Arrows', 'Zap', 'Electro Wizard', 'Baby Dragon']",15,5514,Cycle,1
294,4.92,0.5,"['Ice Spirit', 'P.E.K.K.A', 'Mini P.E.K.K.A', 'Bandit']",12,3934,Beatdown,1
295,3.58,0.6,"['Ice Spirit', 'Log', 'Zap', 'Baby Dragon']",11,4009,Aggro,0
296,3.17,0.51,"['Mini P.E.K.K.A', 'Ice Spirit', 'Fireball', 'Golem']",12,4297,Beatdown,0
297,2.73,0.68,"['Bandit', 'Electro Wizard', 'Mini P.E.K.K.A', 'P.E.K.K.A']",9,3542,Aggro,0
298,3.58,0.57,"['Mega Minion', 'Log', 'Zap', 'Hog Rider']",9,4449,Cycle,0
299,3.99,0.64,"['Arrows', 'Log', 'Hog Rider', 'P.E.K.K.A']",12,4588,Aggro,0
300,3.93,0.45,"['Log', 'Fireball', 'Arrows', 'P.E.K.K.A']",11,4099,Siege,0
301,2.66,0.53,"['Log', 'P.E.K.K.A', 'Bandit', 'Zap']",11,4030,Control,1
302,3.98,0.46,"['Zap', 'Fireball', 'P.E.K.K.A', 'Hog Rider']",12,4360,Cycle,1
303,4.51,0.5,"['Electro Wizard', 'Log', 'Ice Spirit', 'Baby Dragon']",10,4230,Beatdown,0
304,3.7,0.45,"['Log', 'Electro Wizard', 'P.E.K.K.A', 'Golem']",14,5592,Siege,0
305,3.31,0.48,"['Mini P.E.K.K.A', 'Log', 'Electro Wizard', 'Zap']",13,3818,Cycle,0
306,4.2,0.57,"['Golem', 'Bandit', 'Tesla', 'Cannon']",12,4193,Aggro,1
307,4.18,0.44,"['P.E.K.K.A', 'Cannon', 'Tesla', 'Ice Spirit']",10,5929,Siege,1
308,2.68,0.7,"['Bandit', 'Baby Dragon', 'Log', 'Mega Minion']",13,5833,Siege,0
309,4.48,0.51,"['Tesla', 'Mini P.E.K.K.A', 'Mega Minion', 'Baby Dragon']",14,3348,Aggro,0
310,4.14,0.51,"['Ice Spirit', 'Baby Dragon', 'Hog Rider', 'Arrows']",14,5774,Siege,1
311,4.91,0.53,"['Hog Rider', 'Zap', 'P.E.K.K.A', 'Cannon']",13,5124,Cycle,0
312,3.61,0.52,"['Mini P.E.K.K.A', 'Ice Spirit', 'Baby Dragon', 'Golem']",13,3617,Beatdown,0
313,3.71,0.49,"['Tesla', 'Zap', 'Arrows', 'Golem']",10,4426,Beatdown,1
314,3.64,0.46,"['Bandit', 'Electro Wizard', 'Tesla', 'Zap']",12,5957,Siege,1
315,2.67,0.41,"['Golem', 'Zap', 'Hog Rider', 'Electro Wizard']",14,3447,Control,0
316,3.79,0.57,"['Electro Wizard', 'Mega Minion', 'Log', 'Bandit']",10,4659,Control,0
317,4.1,0.53,"['Hog Rider', 'Golem', 'Baby Dragon', 'Cannon']",12,5425,Siege,1
318,2.51,0.46,"['P.E.K.K.A', 'Mini P.E.K.K.A', 'Golem', 'Zap']",13,3416,Cycle,0
319,3.41,0.46,"['Zap', 'P.E.K.K.A', 'Ice Spirit', 'Bandit']",13,5617,Beatdown,1
320,4.03,0.58,"['Electro Wizard', 'Tesla', 'Bandit', 'Baby Dragon']",10,5759,Beatdown,0
321,4.18,0.49,"['Cannon', 'P.E.K.K.A', 'Zap', 'Fireball']",11,5840,Control,1
322,3.55,0.44,"['Log', 'Tesla', 'Fireball', 'Bandit']",14,5201,Control,0
323,3.72,0.44,"['Electro Wizard', 'Arrows', 'Bandit', 'Baby Dragon']",9,4470,Aggro,1
324,2.84,0.64,"['Mega Minion', 'Tesla', 'Ice Spirit', 'Bandit']",12,5804,Siege,1
325,4.28,0.53,"['Fireball', 'Zap', 'Baby Dragon', 'Hog Rider']",15,3903,Beatdown,0
326,3.19,0.56,"['Fireball', 'Mini P.E.K.K.A', 'Bandit', 'Baby Dragon']",14,5028,Cycle,0
327,3.93,0.48,"['Mega Minion', 'Arrows', 'Electro Wizard', 'Tesla']",15,3170,Siege,0
328,4.97,0.43,"['Arrows', 'Ice Spirit', 'Mini P.E.K.K.A', 'Cannon']",11,3132,Siege,1
329,3.37,0.65,"['Bandit', 'Arrows', 'Zap', 'Cannon']",10,5408,Beatdown,1
330,2.91,0.44,"['Cannon', 'Arrows', 'Tesla', 'Hog Rider']",13,4436,Cycle,1
331,3.99,0.45,"['Golem', 'P.E.K.K.A', 'Arrows', 'Baby Dragon']",11,5107,Aggro,0
332,4.91,0.64,"['Tesla', 'Hog Rider', 'P.E.K.K.A', 'Ice Spirit']",10,5873,Control,0
333,2.87,0.5,"['Cannon', 'Mini P.E.K.K.A', 'Ice Spirit', 'Log']",12,3582,Cycle,1
334,4.07,0.51,"['Zap', 'Ice Spirit', 'Mini P.E.K.K.A', 'Tesla']",12,5111,Beatdown,1
335,3.64,0.55,"['Baby Dragon', 'Hog Rider', 'Mini P.E.K.K.A', 'Golem']",9,5993,Siege,1
336,4.63,0.64,"['Log', 'Cannon', 'Tesla', 'Arrows']",12,4099,Beatdown,1
337,3.34,0.57,"['Baby Dragon', 'Arrows', 'Bandit', 'Electro Wizard']",14,3198,Aggro,0
338,4.07,0.65,"['Hog Rider', 'Zap', 'Fireball', 'Bandit']",12,3002,Siege,0
339,4.99,0.67,"['Tesla', 'Ice Spirit', 'P.E.K.K.A', 'Fireball']",15,4122,Aggro,1
340,3.13,0.51,"['Tesla', 'Ice Spirit', 'Fireball', 'Hog Rider']",12,5562,Beatdown,0
341,3.57,0.43,"['Zap', 'Hog Rider', 'Cannon', 'Bandit']",9,3543,Cycle,0
342,3.8,0.53,"['Hog Rider', 'Golem', 'Electro Wizard', 'Zap']",15,4729,Control,1
343,2.68,0.51,"['Golem', 'Mini P.E.K.K.A', 'Zap', 'Arrows']",11,4505,Beatdown,0
344,3.46,0.64,"['Arrows', 'Fireball', 'Ice Spirit', 'Mini P.E.K.K.A']",10,3280,Cycle,0
345,4.03,0.45,"['Electro Wizard', 'Golem', 'Cannon', 'Ice Spirit']",14,3620,Siege,1
346,4.65,0.43,"['Zap', 'Fireball', 'Mini P.E.K.K.A', 'Tesla']",13,5990,Siege,1
347,4.91,0.49,"['Fireball', 'Cannon', 'P.E.K.K.A', 'Ice Spirit']",9,4016,Cycle,1
348,4.45,0.61,"['Arrows', 'Tesla', 'Ice Spirit', 'P.E.K.K.A']",10,5120,Cycle,0
349,4.37,0.49,"['Hog Rider', 'Mini P.E.K.K.A', 'Arrows', 'Cannon']",12,4580,Aggro,0
350,3.75,0.58,"['Mega Minion', 'Hog Rider', 'Electro Wizard', 'Mini P.E.K.K.A']",10,4584,Cycle,1
351,3.41,0.6,"['Mini P.E.K.K.A', 'Bandit', 'Tesla', 'Zap']",9,5405,Aggro,0
352,3.16,0.41,"['Hog Rider', 'Mini P.E.K.K.A', 'Log', 'Mega Minion']",11,5574,Cycle,1
353,3.56,0.52,"['Ice Spirit', 'Mega Minion', 'Arrows', 'Baby Dragon']",10,4136,Aggro,1
354,2.7,0.68,"['Mini P.E.K.K.A', 'Fireball', 'Mega Minion', 'Electro Wizard']",12,5402,Aggro,1
355,4.25,0.62,"['Arrows', 'Cannon', 'Hog Rider', 'Tesla']",9,4779,Aggro,1
356,4.03,0.42,"['Ice Spirit', 'Golem', 'Tesla', 'Arrows']",10,3489,Aggro,0
357,4.25,0.45,"['Electro Wizard', 'Mega Minion', 'Arrows', 'Golem']",11,3683,Beatdown,0
358,4.37,0.66,"['Golem', 'Zap', 'Mini P.E.K.K.A', 'Hog Rider']",11,4758,Beatdown,0
359,3.16,0.69,"['Ice Spirit', 'Zap', 'Bandit', 'Mini P.E.K.K.A']",13,4475,Aggro,1
360,4.65,0.45,"['Fireball', 'P.E.K.K.A', 'Mini P.E.K.K.A', 'Zap']",13,5761,Aggro,0
361,4.35,0.4,"['Arrows', 'Tesla', 'Hog Rider', 'Cannon']",9,4932,Beatdown,1
362,4.8,0.45,"['Arrows', 'Hog Rider', 'Mega Minion', 'Golem']",14,5685,Siege,0
363,3.3,0.52,"['Golem', 'Electro Wizard', 'P.E.K.K.A', 'Zap']",13,4527,Aggro,0
364,2.95,0.64,"['Hog Rider', 'Log', 'Zap', 'Bandit']",15,4156,Beatdown,1
365,2.72,0.54,"['Electro Wizard', 'Cannon', 'P.E.K.K.A', 'Baby Dragon']",15,4244,Cycle,0
366,3.66,0.58,"['Bandit', 'Mini P.E.K.K.A', 'Arrows', 'Cannon']",14,5238,Control,0
367,2.52,0.52,"['Cannon', 'Mega Minion', 'Electro Wizard', 'Ice Spirit']",15,5840,Aggro,1
368,2.5,0.6,"['Arrows', 'Golem', 'Tesla', 'P.E.K.K.A']",9,3840,Cycle,0
369,3.55,0.69,"['Fireball', 'Golem', 'P.E.K.K.A', 'Zap']",9,3948,Cycle,1
370,4.25,0.51,"['Golem', 'Zap', 'Baby Dragon', 'Arrows']",13,3546,Siege,0
371,3.98,0.42,"['Ice Spirit', 'Fireball', 'Cannon', 'P.E.K.K.A']",11,4290,Siege,1
372,3.3,0.48,"['Zap', 'Cannon', 'Fireball', 'Baby Dragon']",9,3636,Aggro,0
373,3.62,0.49,"['Zap', 'Mega Minion', 'Electro Wizard', 'Cannon']",12,4262,Siege,1
374,4.63,0.43,"['Mini P.E.K.K.A', 'Ice Spirit', 'P.E.K.K.A', 'Golem']",14,5471,Aggro,0
375,4.59,0.5,"['Zap', 'Golem', 'Cannon', 'Electro Wizard']",12,5103,Aggro,1
376,3.15,0.7,"['Hog Rider', 'Log', 'Bandit', 'Mega Minion']",14,5253,Control,0
377,3.66,0.64,"['Fireball', 'Zap', 'Hog Rider', 'Mini P.E.K.K.A']",15,3910,Control,0
378,4.56,0.51,"['Ice Spirit', 'Tesla', 'Zap', 'Baby Dragon']",13,4060,Aggro,0
379,4.99,0.46,"['Ice Spirit', 'Bandit', 'Mini P.E.K.K.A', 'Fireball']",9,4358,Aggro,0
380,4.86,0.42,"['Tesla', 'Baby Dragon', 'Log', 'Golem']",12,5032,Aggro,1
381,4.21,0.45,"['Cannon', 'Fireball', 'P.E.K.K.A', 'Mini P.E.K.K.A']",12,3608,Aggro,0
382,4.12,0.55,"['Tesla', 'Mega Minion', 'Bandit', 'Hog Rider']",9,4145,Siege,0
383,3.55,0.59,"['Mini P.E.K.K.A', 'Mega Minion', 'Cannon', 'Ice Spirit']",15,5226,Aggro,1
384,4.45,0.51,"['Mega Minion', 'Mini P.E.K.K.A', 'Bandit', 'Electro Wizard']",13,5057,Beatdown,1
385,3.18,0.41,"['Baby Dragon', 'Cannon', 'Hog Rider', 'P.E.K.K.A']",9,4932,Cycle,1
386,4.42,0.7,"['Fireball', 'Zap', 'Cannon', 'Ice Spirit']",10,4091,Cycle,0
387,4.41,0.68,"['Baby Dragon', 'Arrows', 'Mini P.E.K.K.A', 'Log']",11,3711,Control,0
388,3.98,0.64,"['Golem', 'Electro Wizard', 'Baby Dragon', 'Hog Rider']",14,5869,Beatdown,0
389,3.91,0.46,"['Mini P.E.K.K.A', 'Bandit', 'Mega Minion', 'P.E.K.K.A']",10,5008,Aggro,0
390,2.64,0.58,"['Hog Rider', 'Mega Minion', 'Bandit', 'Tesla']",11,5515,Control,0
391,3.35,0.45,"['Mini P.E.K.K.A', 'Arrows', 'Electro Wizard', 'Hog Rider']",9,3605,Cycle,0
392,4.44,0.65,"['Arrows', 'Electro Wizard', 'Zap', 'Tesla']",14,5712,Siege,0
393,3.34,0.5,"['Fireball', 'Golem', 'Log', 'Ice Spirit']",12,5659,Beatdown,0
394,4.27,0.57,"['Tesla', 'Baby Dragon', 'Mini P.E.K.K.A', 'Electro Wizard']",10,5726,Cycle,0
395,3.45,0.62,"['P.E.K.K.A', 'Fireball', 'Arrows', 'Golem']",9,5875,Cycle,1
396,4.63,0.63,"['Baby Dragon', 'Hog Rider', 'Fireball', 'Tesla']",11,5504,Control,0
397,4.84,0.44,"['Golem', 'Zap', 'Cannon', 'Electro Wizard']",11,3687,Aggro,1
398,3.62,0.48,"['Cannon', 'Golem', 'Zap', 'Electro Wizard']",11,3442,Aggro,0
399,3.46,0.62,"['Fireball', 'Log', 'Bandit', 'Arrows']",11,5236,Siege,0
400,4.57,0.64,"['Baby Dragon', 'Ice Spirit', 'Mini P.E.K.K.A', 'Arrows']",10,3666,Siege,0
401,4.5,0.41,"['Hog Rider', 'Electro Wizard', 'P.E.K.K.A', 'Zap']",9,4400,Control,1
402,2.9,0.42,"['Tesla', 'Zap', 'Electro Wizard', 'Baby Dragon']",13,4977,Aggro,1
403,4.86,0.45,"['Tesla', 'Log', 'Fireball', 'Hog Rider']",9,4356,Control,0
404,3.52,0.57,"['Tesla', 'Golem', 'Mega Minion', 'P.E.K.K.A']",14,4153,Beatdown,0
405,2.74,0.52,"['Mega Minion', 'Arrows', 'Bandit', 'Fireball']",9,4477,Aggro,1
406,2.72,0.65,"['Ice Spirit', 'Baby Dragon', 'Bandit', 'Cannon']",9,3105,Control,0
407,4.1,0.69,"['Bandit', 'Arrows', 'Zap', 'P.E.K.K.A']",15,4628,Siege,1
408,4.74,0.48,"['Ice Spirit', 'Mega Minion', 'Log', 'Fireball']",11,4562,Beatdown,0
409,3.61,0.48,"['Bandit', 'P.E.K.K.A', 'Cannon', 'Arrows']",13,3252,Control,0
410,2.71,0.5,"['Mega Minion', 'Log', 'Mini P.E.K.K.A', 'Baby Dragon']",10,5267,Aggro,1
411,4.55,0.53,"['Mega Minion', 'Ice Spirit', 'Bandit', 'Baby Dragon']",10,4950,Beatdown,0
412,3.49,0.66,"['Hog Rider', 'Mega Minion', 'Baby Dragon', 'Arrows']",15,5340,Cycle,0
413,2.8,0.63,"['Fireball', 'Tesla', 'Cannon', 'Mini P.E.K.K.A']",10,3174,Siege,0
414,4.97,0.53,"['Arrows', 'Ice Spirit', 'Fireball', 'Baby Dragon']",11,4309,Aggro,0
415,3.47,0.52,"['Electro Wizard', 'Arrows', 'P.E.K.K.A', 'Mega Minion']",12,3050,Cycle,1
416,2.78,0.44,"['Baby Dragon', 'Tesla', 'Arrows', 'Zap']",9,5304,Aggro,1
417,4.67,0.66,"['Tesla', 'Log', 'P.E.K.K.A', 'Arrows']",14,4988,Cycle,1
418,2.59,0.48,"['Fireball', 'Baby Dragon', 'Arrows', 'Ice Spirit']",14,4645,Aggro,1
419,4.72,0.5,"['Cannon', 'Hog Rider', 'Golem', 'Bandit']",11,4525,Aggro,1
420,4.54,0.49,"['P.E.K.K.A', 'Arrows', 'Bandit', 'Golem']",14,3402,Control,0
421,3.25,0.62,"['Mini P.E.K.K.A', 'Arrows', 'Electro Wizard', 'P.E.K.K.A']",14,4707,Cycle,0
422,2.97,0.46,"['Arrows', 'Log', 'Golem', 'Bandit']",15,5115,Beatdown,0
423,3.79,0.45,"['P.E.K.K.A', 'Golem', 'Mega Minion', 'Log']",10,5147,Cycle,0
424,2.93,0.66,"['Cannon', 'Arrows', 'Hog Rider', 'Tesla']",9,4869,Aggro,1
425,4.26,0.48,"['Arrows', 'Bandit', 'Mega Minion', 'Log']",14,3507,Aggro,0
426,3.43,0.58,"['Fireball', 'Arrows', 'Bandit', 'Baby Dragon']",13,4432,Beatdown,0
427,4.59,0.48,"['Arrows', 'Golem', 'Zap', 'P.E.K.K.A']",9,4583,Aggro,0
428,4.63,0.63,"['Cannon', 'Arrows', 'Tesla', 'Ice Spirit']",10,5775,Control,1
429,4.13,0.55,"['Arrows', 'Mini P.E.K.K.A', 'Tesla', 'Ice Spirit']",9,4941,Control,0
430,4.0,0.4,"['P.E.K.K.A', 'Baby Dragon', 'Mini P.E.K.K.A', 'Tesla']",14,5905,Beatdown,1
431,4.74,0.66,"['Bandit', 'P.E.K.K.A', 'Cannon', 'Tesla']",11,5773,Cycle,1
432,3.96,0.4,"['Ice Spirit', 'Arrows', 'Electro Wizard', 'Mega Minion']",14,5432,Cycle,1
433,3.25,0.43,"['Zap', 'Electro Wizard', 'P.E.K.K.A', 'Ice Spirit']",11,4134,Beatdown,1
434,2.97,0.56,"['Cannon', 'Hog Rider', 'Mini P.E.K.K.A', 'Baby Dragon']",12,5705,Beatdown,0
435,4.3,0.6,"['P.E.K.K.A', 'Tesla', 'Log', 'Mini P.E.K.K.A']",12,3144,Cycle,0
436,3.36,0.61,"['Ice Spirit', 'Mega Minion', 'Tesla', 'Bandit']",14,4468,Cycle,1
437,4.61,0.65,"['Tesla', 'Mega Minion', 'Fireball', 'P.E.K.K.A']",9,4928,Control,1
438,4.31,0.57,"['Tesla', 'Fireball', 'Ice Spirit', 'Electro Wizard']",14,3365,Control,1
439,3.06,0.66,"['Log', 'Mini P.E.K.K.A', 'Electro Wizard', 'Arrows']",11,5398,Beatdown,1
440,4.63,0.54,"['Arrows', 'Ice Spirit', 'Baby Dragon', 'Mini P.E.K.K.A']",13,3291,Siege,0
441,3.75,0.66,"['Log', 'Mega Minion', 'P.E.K.K.A', 'Tesla']",9,3617,Control,0
442,3.36,0.7,"['Tesla', 'Bandit', 'Fireball', 'Electro Wizard']",15,5931,Control,0
443,3.72,0.59,"['Fireball', 'Electro Wizard', 'Ice Spirit', 'Hog Rider']",9,4851,Beatdown,0
444,4.4,0.45,"['Mini P.E.K.K.A', 'Fireball', 'Bandit', 'Zap']",10,5516,Siege,1
445,3.51,0.69,"['Log', 'Hog Rider', 'Arrows', 'Mega Minion']",10,5992,Beatdown,0
446,4.73,0.63,"['Mega Minion', 'Cannon', 'Hog Rider', 'Ice Spirit']",9,5566,Control,0
447,4.23,0.5,"['Fireball', 'Zap', 'Log', 'Mega Minion']",13,4253,Control,0
448,4.56,0.49,"['P.E.K.K.A', 'Bandit', 'Golem', 'Mega Minion']",13,5146,Beatdown,1
449,4.72,0.7,"['Electro Wizard', 'Bandit', 'Tesla', 'Cannon']",10,4652,Aggro,0
450,3.06,0.7,"['Cannon', 'Golem', 'Hog Rider', 'Baby Dragon']",13,3692,Aggro,1
451,4.28,0.64,"['Log', 'Ice Spirit', 'P.E.K.K.A', 'Mega Minion']",13,3199,Cycle,0
452,4.15,0.6,"['Hog Rider', 'Tesla', 'Golem', 'Zap']",12,4819,Siege,0
453,3.87,0.54,"['Fireball', 'Cannon', 'Golem', 'Ice Spirit']",14,3038,Beatdown,1
454,4.15,0.6,"['P.E.K.K.A', 'Baby Dragon', 'Arrows', 'Golem']",10,4715,Aggro,0
455,3.21,0.64,"['Bandit', 'Cannon', 'Baby Dragon', 'Arrows']",15,4077,Cycle,0
456,3.39,0.52,"['Fireball', 'Hog Rider', 'Mega Minion', 'Bandit']",10,5818,Siege,1
457,3.09,0.4,"['Zap', 'Tesla', 'Baby Dragon', 'Ice Spirit']",12,3610,Aggro,0
458,4.31,0.43,"['P.E.K.K.A', 'Ice Spirit', 'Cannon', 'Bandit']",11,4081,Siege,0
459,2.75,0.45,"['Hog Rider', 'Arrows', 'P.E.K.K.A', 'Electro Wizard']",15,5772,Beatdown,1
460,4.35,0.43,"['Mini P.E.K.K.A', 'Hog Rider', 'Arrows', 'Fireball']",14,5650,Control,1
461,3.39,0.53,"['Baby Dragon', 'P.E.K.K.A', 'Golem', 'Zap']",11,4403,Control,0
462,3.5,0.69,"['P.E.K.K.A', 'Arrows', 'Log', 'Golem']",15,4958,Siege,0
463,2.78,0.61,"['Hog Rider', 'Arrows', 'Fireball', 'Zap']",12,5419,Siege,1
464,2.95,0.51,"['Electro Wizard', 'Baby Dragon', 'Hog Rider', 'Ice Spirit']",15,5978,Control,1
465,4.8,0.43,"['Log', 'Bandit', 'Hog Rider', 'Zap']",11,5682,Beatdown,0
466,4.26,0.6,"['Mini P.E.K.K.A', 'Golem', 'Baby Dragon', 'Arrows']",13,3917,Beatdown,0
467,3.58,0.62,"['Bandit', 'Electro Wizard', 'Ice Spirit', 'Mini P.E.K.K.A']",14,4576,Control,0
468,2.53,0.68,"['Mega Minion', 'Arrows', 'Bandit', 'Mini P.E.K.K.A']",15,3677,Aggro,1
469,3.3,0.5,"['P.E.K.K.A', 'Hog Rider', 'Mega Minion', 'Cannon']",13,5635,Siege,1
470,4.54,0.42,"['Bandit', 'Mini P.E.K.K.A', 'Baby Dragon', 'Tesla']",9,5041,Siege,1
471,2.8,0.55,"['Ice Spirit', 'Hog Rider', 'Zap', 'Log']",12,3146,Cycle,0
472,4.56,0.64,"['Baby Dragon', 'Ice Spirit', 'P.E.K.K.A', 'Mega Minion']",13,3847,Siege,1
473,3.41,0.42,"['Cannon', 'Arrows', 'Bandit', 'Electro Wizard']",13,5538,Cycle,1
474,4.29,0.51,"['Bandit', 'Zap', 'Arrows', 'Ice Spirit']",10,3008,Beatdown,1
475,4.57,0.69,"['P.E.K.K.A', 'Mega Minion', 'Arrows', 'Electro Wizard']",14,3435,Aggro,0
476,3.73,0.65,"['Golem', 'Tesla', 'Log', 'Zap']",11,5502,Control,0
477,2.8,0.66,"['Cannon', 'Bandit', 'Mini P.E.K.K.A', 'Tesla']",14,4384,Aggro,1
478,2.62,0.59,"['Ice Spirit', 'Baby Dragon', 'Zap', 'Bandit']",12,5697,Cycle,0
479,4.91,0.4,"['Golem', 'Hog Rider', 'Mega Minion', 'Log']",15,5396,Siege,0
480,4.23,0.45,"['Arrows', 'Fireball', 'Zap', 'Log']",14,5459,Cycle,1
481,3.76,0.52,"['Baby Dragon', 'Golem', 'Mini P.E.K.K.A', 'Cannon']",11,4629,Beatdown,1
482,3.63,0.44,"['Log', 'Baby Dragon', 'Golem', 'Mini P.E.K.K.A']",13,4224,Cycle,1
483,4.28,0.68,"['Ice Spirit', 'Cannon', 'Arrows', 'Mini P.E.K.K.A']",13,5926,Beatdown,1
484,4.8,0.44,"['Golem', 'Ice Spirit', 'Fireball', 'Mega Minion']",13,5843,Beatdown,0
485,4.4,0.57,"['Baby Dragon', 'Tesla', 'Ice Spirit', 'Golem']",12,5761,Cycle,1
486,4.69,0.53,"['Hog Rider', 'Mega Minion', 'Zap', 'Tesla']",12,3595,Aggro,0
487,3.0,0.63,"['Fireball', 'P.E.K.K.A', 'Ice Spirit', 'Arrows']",10,3254,Beatdown,0
488,4.38,0.41,"['Arrows', 'Bandit', 'Zap', 'Baby Dragon']",15,5766,Cycle,0
489,4.36,0.57,"['Cannon', 'Mega Minion', 'Mini P.E.K.K.A', 'Golem']",11,5838,Aggro,1
490,3.47,0.69,"['Ice Spirit', 'Electro Wizard', 'Mega Minion', 'Hog Rider']",9,4029,Control,1
491,4.57,0.67,"['Golem', 'Tesla', 'Ice Spirit', 'Electro Wizard']",15,5410,Cycle,0
492,4.44,0.69,"['P.E.K.K.A', 'Bandit', 'Fireball', 'Ice Spirit']",9,3765,Control,0
493,3.44,0.53,"['Mega Minion', 'P.E.K.K.A', 'Fireball', 'Mini P.E.K.K.A']",13,4044,Aggro,1
494,3.67,0.68,"['Hog Rider', 'Fireball', 'Electro Wizard', 'Baby Dragon']",9,5561,Cycle,1
495,3.73,0.57,"['Electro Wizard', 'Zap', 'Mini P.E.K.K.A', 'Golem']",11,5152,Control,0
496,3.8,0.64,"['Fireball', 'Log', 'Mega Minion', 'Mini P.E.K.K.A']",12,3376,Beatdown,0
497,4.71,0.6,"['Electro Wizard', 'Tesla', 'P.E.K.K.A', 'Cannon']",15,5532,Cycle,1
498,4.99,0.65,"['Ice Spirit', 'Hog Rider', 'Zap', 'Tesla']",11,4825,Control,0
499,4.9,0.6,"['Electro Wizard', 'Log', 'Mini P.E.K.K.A', 'Zap']",12,4050,Cycle,1
